{"FLX10-1247-1123052025-BL#RB-00": [{"stop_id": "394a5408-d778-4959-a63e-973253443ed2", "stop_name": "Berlin Central Station (FlixTrain)", "stop_lat": 52.525063, "stop_lon": 13.369438, "arrival_time": "11:23:00", "departure_time": "11:23:00", "stop_sequence": 1}, {"stop_id": "fa1174c7-704c-41f0-bb5c-299783d5a69a", "stop_name": "Bitterfeld (train)", "stop_lat": 51.622695, "stop_lon": 12.317452, "arrival_time": "12:29:00", "departure_time": "12:30:00", "stop_sequence": 2}, {"stop_id": "2b263035-0646-413d-b76a-1c61cf9b1bee", "stop_name": "Erfurt Central Station (FlixTrain)", "stop_lat": 50.972454, "stop_lon": 11.038239, "arrival_time": "13:44:00", "departure_time": "13:46:00", "stop_sequence": 3}, {"stop_id": "d39ec3fd-a7a9-4868-960c-8f4aa4c9c926", "stop_name": "Fulda (FlixTrain)", "stop_lat": 50.554587, "stop_lon": 9.683728, "arrival_time": "14:41:00", "departure_time": "14:43:00", "stop_sequence": 4}, {"stop_id": "cd27dc81-a5a0-42f2-8662-650411b4a7e7", "stop_name": "Frankfurt (Main) S\u00fcd (FlixTrain)", "stop_lat": 50.099857, "stop_lon": 8.685935, "arrival_time": "15:31:00", "departure_time": "15:34:00", "stop_sequence": 5}, {"stop_id": "5948a1d8-4c86-4fe4-a5d7-734fc63296de", "stop_name": "Mannheim Central Station (FlixTrain)", "stop_lat": 49.479679, "stop_lon": 8.469677, "arrival_time": "16:34:00", "departure_time": "16:38:00", "stop_sequence": 6}, {"stop_id": "a661a63c-ac57-45c8-a3f4-141478a0b99c", "stop_name": "Karlsruhe Central Station (FlixTrain)", "stop_lat": 48.993279, "stop_lon": 8.401294, "arrival_time": "17:06:00", "departure_time": "17:10:00", "stop_sequence": 7}, {"stop_id": "8111f454-465d-4ec9-8e95-ebb530e0bc38", "stop_name": "Offenburg (FlixTrain)", "stop_lat": 48.47665, "stop_lon": 7.94672, "arrival_time": "17:47:00", "departure_time": "17:54:00", "stop_sequence": 8}, {"stop_id": "80f34827-2a46-48b0-81f1-5271a8a675d4", "stop_name": "Freiburg (Breisgau) Central Station (FlixTrain)", "stop_lat": 47.997013, "stop_lon": 7.840528, "arrival_time": "18:37:00", "departure_time": "18:39:00", "stop_sequence": 9}, {"stop_id": "086064da-8914-415f-83cc-8d6a087f5ed2", "stop_name": "Basel Bad Bf (FlixTrain)", "stop_lat": 47.567793, "stop_lon": 7.606924, "arrival_time": "19:18:00", "departure_time": "19:18:00", "stop_sequence": 10}], "FLX10-1245-0928052025-BL#RB-00": [{"stop_id": "394a5408-d778-4959-a63e-973253443ed2", "stop_name": "Berlin Central Station (FlixTrain)", "stop_lat": 52.525063, "stop_lon": 13.369438, "arrival_time": "09:28:00", "departure_time": "09:28:00", "stop_sequence": 1}, {"stop_id": "895f31c8-7f88-4d8f-a070-4b4a6320160a", "stop_name": "Berlin S\u00fcdkreuz (FlixTrain)", "stop_lat": 52.475687, "stop_lon": 13.365562, "arrival_time": "09:33:00", "departure_time": "09:37:00", "stop_sequence": 2}, {"stop_id": "68c5db74-0034-41b2-b3ae-6947c837f77b", "stop_name": "Halle (Saale) Central Station (FlixTrain)", "stop_lat": 51.478526, "stop_lon": 11.987716, "arrival_time": "10:42:00", "departure_time": "10:44:00", "stop_sequence": 3}, {"stop_id": "2b263035-0646-413d-b76a-1c61cf9b1bee", "stop_name": "Erfurt Central Station (FlixTrain)", "stop_lat": 50.972454, "stop_lon": 11.038239, "arrival_time": "11:19:00", "departure_time": "11:21:00", "stop_sequence": 4}, {"stop_id": "96432898-7263-4cc0-b124-3bf757cefea9", "stop_name": "Bad Hersfeld (FlixTrain)", "stop_lat": 50.869892, "stop_lon": 9.716174, "arrival_time": "12:16:00", "departure_time": "12:17:00", "stop_sequence": 5}, {"stop_id": "d39ec3fd-a7a9-4868-960c-8f4aa4c9c926", "stop_name": "Fulda (FlixTrain)", "stop_lat": 50.554587, "stop_lon": 9.683728, "arrival_time": "12:41:00", "departure_time": "12:43:00", "stop_sequence": 6}, {"stop_id": "cd27dc81-a5a0-42f2-8662-650411b4a7e7", "stop_name": "Frankfurt (Main) S\u00fcd (FlixTrain)", "stop_lat": 50.099857, "stop_lon": 8.685935, "arrival_time": "13:33:00", "departure_time": "13:37:00", "stop_sequence": 7}, {"stop_id": "06cc0192-fc4c-4488-9aa9-dc27758bbbf2", "stop_name": "Darmstadt Central Station (FlixTrain)", "stop_lat": 49.872516, "stop_lon": 8.629379, "arrival_time": "13:55:00", "departure_time": "13:57:00", "stop_sequence": 8}, {"stop_id": "ee967467-b7c5-457f-b71e-f81a430dc959", "stop_name": "Heidelberg Central Station (FlixTrain)", "stop_lat": 49.403902, "stop_lon": 8.675808, "arrival_time": "14:34:00", "departure_time": "14:38:00", "stop_sequence": 9}, {"stop_id": "a661a63c-ac57-45c8-a3f4-141478a0b99c", "stop_name": "Karlsruhe Central Station (FlixTrain)", "stop_lat": 48.993279, "stop_lon": 8.401294, "arrival_time": "15:16:00", "departure_time": "15:25:00", "stop_sequence": 10}, {"stop_id": "8111f454-465d-4ec9-8e95-ebb530e0bc38", "stop_name": "Offenburg (FlixTrain)", "stop_lat": 48.47665, "stop_lon": 7.94672, "arrival_time": "16:00:00", "departure_time": "16:02:00", "stop_sequence": 11}, {"stop_id": "80f34827-2a46-48b0-81f1-5271a8a675d4", "stop_name": "Freiburg (Breisgau) Central Station (FlixTrain)", "stop_lat": 47.997013, "stop_lon": 7.840528, "arrival_time": "16:33:00", "departure_time": "16:36:00", "stop_sequence": 12}, {"stop_id": "086064da-8914-415f-83cc-8d6a087f5ed2", "stop_name": "Basel Bad Bf (FlixTrain)", "stop_lat": 47.567793, "stop_lon": 7.606924, "arrival_time": "17:14:00", "departure_time": "17:14:00", "stop_sequence": 13}], "FLX10-1244-0727072025-RB#BLB-00": [{"stop_id": "086064da-8914-415f-83cc-8d6a087f5ed2", "stop_name": "Basel Bad Bf (FlixTrain)", "stop_lat": 47.567793, "stop_lon": 7.606924, "arrival_time": "07:27:00", "departure_time": "07:27:00", "stop_sequence": 1}, {"stop_id": "80f34827-2a46-48b0-81f1-5271a8a675d4", "stop_name": "Freiburg (Breisgau) Central Station (FlixTrain)", "stop_lat": 47.997013, "stop_lon": 7.840528, "arrival_time": "07:58:00", "departure_time": "08:00:00", "stop_sequence": 2}, {"stop_id": "8111f454-465d-4ec9-8e95-ebb530e0bc38", "stop_name": "Offenburg (FlixTrain)", "stop_lat": 48.47665, "stop_lon": 7.94672, "arrival_time": "08:32:00", "departure_time": "08:36:00", "stop_sequence": 3}, {"stop_id": "c7d6d2a1-9036-42a2-a4a3-f4a8b4ffd518", "stop_name": "Baden-Baden (FlixTrain)", "stop_lat": 48.78989, "stop_lon": 8.19044, "arrival_time": "09:01:00", "departure_time": "09:03:00", "stop_sequence": 4}, {"stop_id": "a661a63c-ac57-45c8-a3f4-141478a0b99c", "stop_name": "Karlsruhe Central Station (FlixTrain)", "stop_lat": 48.993279, "stop_lon": 8.401294, "arrival_time": "09:20:00", "departure_time": "09:23:00", "stop_sequence": 5}, {"stop_id": "ee967467-b7c5-457f-b71e-f81a430dc959", "stop_name": "Heidelberg Central Station (FlixTrain)", "stop_lat": 49.403902, "stop_lon": 8.675808, "arrival_time": "10:02:00", "departure_time": "10:06:00", "stop_sequence": 6}, {"stop_id": "06cc0192-fc4c-4488-9aa9-dc27758bbbf2", "stop_name": "Darmstadt Central Station (FlixTrain)", "stop_lat": 49.872516, "stop_lon": 8.629379, "arrival_time": "10:51:00", "departure_time": "10:53:00", "stop_sequence": 7}, {"stop_id": "cd27dc81-a5a0-42f2-8662-650411b4a7e7", "stop_name": "Frankfurt (Main) S\u00fcd (FlixTrain)", "stop_lat": 50.099857, "stop_lon": 8.685935, "arrival_time": "11:08:00", "departure_time": "11:12:00", "stop_sequence": 8}, {"stop_id": "d39ec3fd-a7a9-4868-960c-8f4aa4c9c926", "stop_name": "Fulda (FlixTrain)", "stop_lat": 50.554587, "stop_lon": 9.683728, "arrival_time": "12:05:00", "departure_time": "12:07:00", "stop_sequence": 9}, {"stop_id": "96432898-7263-4cc0-b124-3bf757cefea9", "stop_name": "Bad Hersfeld (FlixTrain)", "stop_lat": 50.869892, "stop_lon": 9.716174, "arrival_time": "12:31:00", "departure_time": "12:32:00", "stop_sequence": 10}, {"stop_id": "2b263035-0646-413d-b76a-1c61cf9b1bee", "stop_name": "Erfurt Central Station (FlixTrain)", "stop_lat": 50.972454, "stop_lon": 11.038239, "arrival_time": "13:20:00", "departure_time": "13:22:00", "stop_sequence": 11}, {"stop_id": "68c5db74-0034-41b2-b3ae-6947c837f77b", "stop_name": "Halle (Saale) Central Station (FlixTrain)", "stop_lat": 51.478526, "stop_lon": 11.987716, "arrival_time": "13:59:00", "departure_time": "14:01:00", "stop_sequence": 12}, {"stop_id": "895f31c8-7f88-4d8f-a070-4b4a6320160a", "stop_name": "Berlin S\u00fcdkreuz (FlixTrain)", "stop_lat": 52.475687, "stop_lon": 13.365562, "arrival_time": "15:10:00", "departure_time": "15:15:00", "stop_sequence": 13}, {"stop_id": "394a5408-d778-4959-a63e-973253443ed2", "stop_name": "Berlin Central Station (FlixTrain)", "stop_lat": 52.525063, "stop_lon": 13.369438, "arrival_time": "15:22:00", "departure_time": "15:22:00", "stop_sequence": 14}], "FLX10-1245-0928072025-BL#RB-00": [{"stop_id": "394a5408-d778-4959-a63e-973253443ed2", "stop_name": "Berlin Central Station (FlixTrain)", "stop_lat": 52.525063, "stop_lon": 13.369438, "arrival_time": "09:28:00", "departure_time": "09:28:00", "stop_sequence": 1}, {"stop_id": "895f31c8-7f88-4d8f-a070-4b4a6320160a", "stop_name": "Berlin S\u00fcdkreuz (FlixTrain)", "stop_lat": 52.475687, "stop_lon": 13.365562, "arrival_time": "09:33:00", "departure_time": "09:37:00", "stop_sequence": 2}, {"stop_id": "68c5db74-0034-41b2-b3ae-6947c837f77b", "stop_name": "Halle (Saale) Central Station (FlixTrain)", "stop_lat": 51.478526, "stop_lon": 11.987716, "arrival_time": "10:42:00", "departure_time": "10:44:00", "stop_sequence": 3}, {"stop_id": "2b263035-0646-413d-b76a-1c61cf9b1bee", "stop_name": "Erfurt Central Station (FlixTrain)", "stop_lat": 50.972454, "stop_lon": 11.038239, "arrival_time": "11:19:00", "departure_time": "11:21:00", "stop_sequence": 4}, {"stop_id": "96432898-7263-4cc0-b124-3bf757cefea9", "stop_name": "Bad Hersfeld (FlixTrain)", "stop_lat": 50.869892, "stop_lon": 9.716174, "arrival_time": "12:16:00", "departure_time": "12:17:00", "stop_sequence": 5}, {"stop_id": "d39ec3fd-a7a9-4868-960c-8f4aa4c9c926", "stop_name": "Fulda (FlixTrain)", "stop_lat": 50.554587, "stop_lon": 9.683728, "arrival_time": "12:41:00", "departure_time": "12:43:00", "stop_sequence": 6}, {"stop_id": "cd27dc81-a5a0-42f2-8662-650411b4a7e7", "stop_name": "Frankfurt (Main) S\u00fcd (FlixTrain)", "stop_lat": 50.099857, "stop_lon": 8.685935, "arrival_time": "13:33:00", "departure_time": "13:37:00", "stop_sequence": 7}, {"stop_id": "06cc0192-fc4c-4488-9aa9-dc27758bbbf2", "stop_name": "Darmstadt Central Station (FlixTrain)", "stop_lat": 49.872516, "stop_lon": 8.629379, "arrival_time": "13:55:00", "departure_time": "13:57:00", "stop_sequence": 8}, {"stop_id": "ee967467-b7c5-457f-b71e-f81a430dc959", "stop_name": "Heidelberg Central Station (FlixTrain)", "stop_lat": 49.403902, "stop_lon": 8.675808, "arrival_time": "14:34:00", "departure_time": "14:38:00", "stop_sequence": 9}, {"stop_id": "a661a63c-ac57-45c8-a3f4-141478a0b99c", "stop_name": "Karlsruhe Central Station (FlixTrain)", "stop_lat": 48.993279, "stop_lon": 8.401294, "arrival_time": "15:16:00", "departure_time": "15:25:00", "stop_sequence": 10}, {"stop_id": "8111f454-465d-4ec9-8e95-ebb530e0bc38", "stop_name": "Offenburg (FlixTrain)", "stop_lat": 48.47665, "stop_lon": 7.94672, "arrival_time": "16:00:00", "departure_time": "16:02:00", "stop_sequence": 11}, {"stop_id": "80f34827-2a46-48b0-81f1-5271a8a675d4", "stop_name": "Freiburg (Breisgau) Central Station (FlixTrain)", "stop_lat": 47.997013, "stop_lon": 7.840528, "arrival_time": "16:33:00", "departure_time": "16:36:00", "stop_sequence": 12}, {"stop_id": "086064da-8914-415f-83cc-8d6a087f5ed2", "stop_name": "Basel Bad Bf (FlixTrain)", "stop_lat": 47.567793, "stop_lon": 7.606924, "arrival_time": "17:14:00", "departure_time": "17:14:00", "stop_sequence": 13}], "FLX10-1247-1123092025-BL#RB-00": [{"stop_id": "394a5408-d778-4959-a63e-973253443ed2", "stop_name": "Berlin Central Station (FlixTrain)", "stop_lat": 52.525063, "stop_lon": 13.369438, "arrival_time": "11:23:00", "departure_time": "11:23:00", "stop_sequence": 1}, {"stop_id": "68c5db74-0034-41b2-b3ae-6947c837f77b", "stop_name": "Halle (Saale) Central Station (FlixTrain)", "stop_lat": 51.478526, "stop_lon": 11.987716, "arrival_time": "12:42:00", "departure_time": "12:44:00", "stop_sequence": 2}, {"stop_id": "2b263035-0646-413d-b76a-1c61cf9b1bee", "stop_name": "Erfurt Central Station (FlixTrain)", "stop_lat": 50.972454, "stop_lon": 11.038239, "arrival_time": "13:18:00", "departure_time": "13:20:00", "stop_sequence": 3}, {"stop_id": "d39ec3fd-a7a9-4868-960c-8f4aa4c9c926", "stop_name": "Fulda (FlixTrain)", "stop_lat": 50.554587, "stop_lon": 9.683728, "arrival_time": "14:41:00", "departure_time": "14:43:00", "stop_sequence": 4}, {"stop_id": "cd27dc81-a5a0-42f2-8662-650411b4a7e7", "stop_name": "Frankfurt (Main) S\u00fcd (FlixTrain)", "stop_lat": 50.099857, "stop_lon": 8.685935, "arrival_time": "15:31:00", "departure_time": "15:34:00", "stop_sequence": 5}, {"stop_id": "5948a1d8-4c86-4fe4-a5d7-734fc63296de", "stop_name": "Mannheim Central Station (FlixTrain)", "stop_lat": 49.479679, "stop_lon": 8.469677, "arrival_time": "16:34:00", "departure_time": "16:38:00", "stop_sequence": 6}, {"stop_id": "a661a63c-ac57-45c8-a3f4-141478a0b99c", "stop_name": "Karlsruhe Central Station (FlixTrain)", "stop_lat": 48.993279, "stop_lon": 8.401294, "arrival_time": "17:06:00", "departure_time": "17:10:00", "stop_sequence": 7}, {"stop_id": "8111f454-465d-4ec9-8e95-ebb530e0bc38", "stop_name": "Offenburg (FlixTrain)", "stop_lat": 48.47665, "stop_lon": 7.94672, "arrival_time": "17:47:00", "departure_time": "17:54:00", "stop_sequence": 8}, {"stop_id": "80f34827-2a46-48b0-81f1-5271a8a675d4", "stop_name": "Freiburg (Breisgau) Central Station (FlixTrain)", "stop_lat": 47.997013, "stop_lon": 7.840528, "arrival_time": "18:37:00", "departure_time": "18:39:00", "stop_sequence": 9}, {"stop_id": "086064da-8914-415f-83cc-8d6a087f5ed2", "stop_name": "Basel Bad Bf (FlixTrain)", "stop_lat": 47.567793, "stop_lon": 7.606924, "arrival_time": "19:18:00", "departure_time": "19:18:00", "stop_sequence": 10}], "FLX10-1245-0928092025-BL#RB-00": [{"stop_id": "394a5408-d778-4959-a63e-973253443ed2", "stop_name": "Berlin Central Station (FlixTrain)", "stop_lat": 52.525063, "stop_lon": 13.369438, "arrival_time": "09:28:00", "departure_time": "09:28:00", "stop_sequence": 1}, {"stop_id": "895f31c8-7f88-4d8f-a070-4b4a6320160a", "stop_name": "Berlin S\u00fcdkreuz (FlixTrain)", "stop_lat": 52.475687, "stop_lon": 13.365562, "arrival_time": "09:33:00", "departure_time": "09:37:00", "stop_sequence": 2}, {"stop_id": "68c5db74-0034-41b2-b3ae-6947c837f77b", "stop_name": "Halle (Saale) Central Station (FlixTrain)", "stop_lat": 51.478526, "stop_lon": 11.987716, "arrival_time": "10:42:00", "departure_time": "10:44:00", "stop_sequence": 3}, {"stop_id": "2b263035-0646-413d-b76a-1c61cf9b1bee", "stop_name": "Erfurt Central Station (FlixTrain)", "stop_lat": 50.972454, "stop_lon": 11.038239, "arrival_time": "11:19:00", "departure_time": "11:21:00", "stop_sequence": 4}, {"stop_id": "96432898-7263-4cc0-b124-3bf757cefea9", "stop_name": "Bad Hersfeld (FlixTrain)", "stop_lat": 50.869892, "stop_lon": 9.716174, "arrival_time": "12:16:00", "departure_time": "12:17:00", "stop_sequence": 5}, {"stop_id": "d39ec3fd-a7a9-4868-960c-8f4aa4c9c926", "stop_name": "Fulda (FlixTrain)", "stop_lat": 50.554587, "stop_lon": 9.683728, "arrival_time": "12:41:00", "departure_time": "12:43:00", "stop_sequence": 6}, {"stop_id": "cd27dc81-a5a0-42f2-8662-650411b4a7e7", "stop_name": "Frankfurt (Main) S\u00fcd (FlixTrain)", "stop_lat": 50.099857, "stop_lon": 8.685935, "arrival_time": "13:33:00", "departure_time": "13:37:00", "stop_sequence": 7}, {"stop_id": "06cc0192-fc4c-4488-9aa9-dc27758bbbf2", "stop_name": "Darmstadt Central Station (FlixTrain)", "stop_lat": 49.872516, "stop_lon": 8.629379, "arrival_time": "13:55:00", "departure_time": "13:57:00", "stop_sequence": 8}, {"stop_id": "ee967467-b7c5-457f-b71e-f81a430dc959", "stop_name": "Heidelberg Central Station (FlixTrain)", "stop_lat": 49.403902, "stop_lon": 8.675808, "arrival_time": "14:34:00", "departure_time": "14:38:00", "stop_sequence": 9}, {"stop_id": "a661a63c-ac57-45c8-a3f4-141478a0b99c", "stop_name": "Karlsruhe Central Station (FlixTrain)", "stop_lat": 48.993279, "stop_lon": 8.401294, "arrival_time": "15:16:00", "departure_time": "15:25:00", "stop_sequence": 10}, {"stop_id": "8111f454-465d-4ec9-8e95-ebb530e0bc38", "stop_name": "Offenburg (FlixTrain)", "stop_lat": 48.47665, "stop_lon": 7.94672, "arrival_time": "16:00:00", "departure_time": "16:02:00", "stop_sequence": 11}, {"stop_id": "80f34827-2a46-48b0-81f1-5271a8a675d4", "stop_name": "Freiburg (Breisgau) Central Station (FlixTrain)", "stop_lat": 47.997013, "stop_lon": 7.840528, "arrival_time": "16:33:00", "departure_time": "16:36:00", "stop_sequence": 12}, {"stop_id": "086064da-8914-415f-83cc-8d6a087f5ed2", "stop_name": "Basel Bad Bf (FlixTrain)", "stop_lat": 47.567793, "stop_lon": 7.606924, "arrival_time": "17:14:00", "departure_time": "17:14:00", "stop_sequence": 13}], "FLX10-1242-0509052025-RB#BLB-00": [{"stop_id": "086064da-8914-415f-83cc-8d6a087f5ed2", "stop_name": "Basel Bad Bf (FlixTrain)", "stop_lat": 47.567793, "stop_lon": 7.606924, "arrival_time": "05:09:00", "departure_time": "05:09:00", "stop_sequence": 1}, {"stop_id": "80f34827-2a46-48b0-81f1-5271a8a675d4", "stop_name": "Freiburg (Breisgau) Central Station (FlixTrain)", "stop_lat": 47.997013, "stop_lon": 7.840528, "arrival_time": "05:50:00", "departure_time": "05:58:00", "stop_sequence": 2}, {"stop_id": "8111f454-465d-4ec9-8e95-ebb530e0bc38", "stop_name": "Offenburg (FlixTrain)", "stop_lat": 48.47665, "stop_lon": 7.94672, "arrival_time": "06:29:00", "departure_time": "06:31:00", "stop_sequence": 3}, {"stop_id": "c7d6d2a1-9036-42a2-a4a3-f4a8b4ffd518", "stop_name": "Baden-Baden (FlixTrain)", "stop_lat": 48.78989, "stop_lon": 8.19044, "arrival_time": "06:54:00", "departure_time": "06:56:00", "stop_sequence": 4}, {"stop_id": "a661a63c-ac57-45c8-a3f4-141478a0b99c", "stop_name": "Karlsruhe Central Station (FlixTrain)", "stop_lat": 48.993279, "stop_lon": 8.401294, "arrival_time": "07:27:00", "departure_time": "07:30:00", "stop_sequence": 5}, {"stop_id": "5948a1d8-4c86-4fe4-a5d7-734fc63296de", "stop_name": "Mannheim Central Station (FlixTrain)", "stop_lat": 49.479679, "stop_lon": 8.469677, "arrival_time": "08:09:00", "departure_time": "08:12:00", "stop_sequence": 6}, {"stop_id": "cd27dc81-a5a0-42f2-8662-650411b4a7e7", "stop_name": "Frankfurt (Main) S\u00fcd (FlixTrain)", "stop_lat": 50.099857, "stop_lon": 8.685935, "arrival_time": "09:07:00", "departure_time": "09:12:00", "stop_sequence": 7}, {"stop_id": "d39ec3fd-a7a9-4868-960c-8f4aa4c9c926", "stop_name": "Fulda (FlixTrain)", "stop_lat": 50.554587, "stop_lon": 9.683728, "arrival_time": "10:06:00", "departure_time": "10:08:00", "stop_sequence": 8}, {"stop_id": "2b263035-0646-413d-b76a-1c61cf9b1bee", "stop_name": "Erfurt Central Station (FlixTrain)", "stop_lat": 50.972454, "stop_lon": 11.038239, "arrival_time": "11:19:00", "departure_time": "11:21:00", "stop_sequence": 9}, {"stop_id": "68c5db74-0034-41b2-b3ae-6947c837f77b", "stop_name": "Halle (Saale) Central Station (FlixTrain)", "stop_lat": 51.478526, "stop_lon": 11.987716, "arrival_time": "11:59:00", "departure_time": "12:01:00", "stop_sequence": 10}, {"stop_id": "394a5408-d778-4959-a63e-973253443ed2", "stop_name": "Berlin Central Station (FlixTrain)", "stop_lat": 52.525063, "stop_lon": 13.369438, "arrival_time": "13:16:00", "departure_time": "13:16:00", "stop_sequence": 11}], "FLX10-1245-0928082025-BL#RB-00": [{"stop_id": "394a5408-d778-4959-a63e-973253443ed2", "stop_name": "Berlin Central Station (FlixTrain)", "stop_lat": 52.525063, "stop_lon": 13.369438, "arrival_time": "09:28:00", "departure_time": "09:28:00", "stop_sequence": 1}, {"stop_id": "895f31c8-7f88-4d8f-a070-4b4a6320160a", "stop_name": "Berlin S\u00fcdkreuz (FlixTrain)", "stop_lat": 52.475687, "stop_lon": 13.365562, "arrival_time": "09:33:00", "departure_time": "09:37:00", "stop_sequence": 2}, {"stop_id": "68c5db74-0034-41b2-b3ae-6947c837f77b", "stop_name": "Halle (Saale) Central Station (FlixTrain)", "stop_lat": 51.478526, "stop_lon": 11.987716, "arrival_time": "10:42:00", "departure_time": "10:44:00", "stop_sequence": 3}, {"stop_id": "2b263035-0646-413d-b76a-1c61cf9b1bee", "stop_name": "Erfurt Central Station (FlixTrain)", "stop_lat": 50.972454, "stop_lon": 11.038239, "arrival_time": "11:19:00", "departure_time": "11:21:00", "stop_sequence": 4}, {"stop_id": "96432898-7263-4cc0-b124-3bf757cefea9", "stop_name": "Bad Hersfeld (FlixTrain)", "stop_lat": 50.869892, "stop_lon": 9.716174, "arrival_time": "12:16:00", "departure_time": "12:17:00", "stop_sequence": 5}, {"stop_id": "d39ec3fd-a7a9-4868-960c-8f4aa4c9c926", "stop_name": "Fulda (FlixTrain)", "stop_lat": 50.554587, "stop_lon": 9.683728, "arrival_time": "12:41:00", "departure_time": "12:43:00", "stop_sequence": 6}, {"stop_id": "cd27dc81-a5a0-42f2-8662-650411b4a7e7", "stop_name": "Frankfurt (Main) S\u00fcd (FlixTrain)", "stop_lat": 50.099857, "stop_lon": 8.685935, "arrival_time": "13:33:00", "departure_time": "13:37:00", "stop_sequence": 7}, {"stop_id": "06cc0192-fc4c-4488-9aa9-dc27758bbbf2", "stop_name": "Darmstadt Central Station (FlixTrain)", "stop_lat": 49.872516, "stop_lon": 8.629379, "arrival_time": "13:55:00", "departure_time": "13:57:00", "stop_sequence": 8}, {"stop_id": "ee967467-b7c5-457f-b71e-f81a430dc959", "stop_name": "Heidelberg Central Station (FlixTrain)", "stop_lat": 49.403902, "stop_lon": 8.675808, "arrival_time": "14:34:00", "departure_time": "14:38:00", "stop_sequence": 9}, {"stop_id": "a661a63c-ac57-45c8-a3f4-141478a0b99c", "stop_name": "Karlsruhe Central Station (FlixTrain)", "stop_lat": 48.993279, "stop_lon": 8.401294, "arrival_time": "15:16:00", "departure_time": "15:25:00", "stop_sequence": 10}, {"stop_id": "8111f454-465d-4ec9-8e95-ebb530e0bc38", "stop_name": "Offenburg (FlixTrain)", "stop_lat": 48.47665, "stop_lon": 7.94672, "arrival_time": "16:00:00", "departure_time": "16:02:00", "stop_sequence": 11}, {"stop_id": "80f34827-2a46-48b0-81f1-5271a8a675d4", "stop_name": "Freiburg (Breisgau) Central Station (FlixTrain)", "stop_lat": 47.997013, "stop_lon": 7.840528, "arrival_time": "16:33:00", "departure_time": "16:36:00", "stop_sequence": 12}, {"stop_id": "086064da-8914-415f-83cc-8d6a087f5ed2", "stop_name": "Basel Bad Bf (FlixTrain)", "stop_lat": 47.567793, "stop_lon": 7.606924, "arrival_time": "17:14:00", "departure_time": "17:14:00", "stop_sequence": 13}], "FLX10-1242-0509082025-RB#BLB-00": [{"stop_id": "086064da-8914-415f-83cc-8d6a087f5ed2", "stop_name": "Basel Bad Bf (FlixTrain)", "stop_lat": 47.567793, "stop_lon": 7.606924, "arrival_time": "05:09:00", "departure_time": "05:09:00", "stop_sequence": 1}, {"stop_id": "80f34827-2a46-48b0-81f1-5271a8a675d4", "stop_name": "Freiburg (Breisgau) Central Station (FlixTrain)", "stop_lat": 47.997013, "stop_lon": 7.840528, "arrival_time": "05:50:00", "departure_time": "05:58:00", "stop_sequence": 2}, {"stop_id": "8111f454-465d-4ec9-8e95-ebb530e0bc38", "stop_name": "Offenburg (FlixTrain)", "stop_lat": 48.47665, "stop_lon": 7.94672, "arrival_time": "06:29:00", "departure_time": "06:31:00", "stop_sequence": 3}, {"stop_id": "c7d6d2a1-9036-42a2-a4a3-f4a8b4ffd518", "stop_name": "Baden-Baden (FlixTrain)", "stop_lat": 48.78989, "stop_lon": 8.19044, "arrival_time": "06:54:00", "departure_time": "06:56:00", "stop_sequence": 4}, {"stop_id": "a661a63c-ac57-45c8-a3f4-141478a0b99c", "stop_name": "Karlsruhe Central Station (FlixTrain)", "stop_lat": 48.993279, "stop_lon": 8.401294, "arrival_time": "07:27:00", "departure_time": "07:30:00", "stop_sequence": 5}, {"stop_id": "5948a1d8-4c86-4fe4-a5d7-734fc63296de", "stop_name": "Mannheim Central Station (FlixTrain)", "stop_lat": 49.479679, "stop_lon": 8.469677, "arrival_time": "08:09:00", "departure_time": "08:12:00", "stop_sequence": 6}, {"stop_id": "cd27dc81-a5a0-42f2-8662-650411b4a7e7", "stop_name": "Frankfurt (Main) S\u00fcd (FlixTrain)", "stop_lat": 50.099857, "stop_lon": 8.685935, "arrival_time": "09:07:00", "departure_time": "09:12:00", "stop_sequence": 7}, {"stop_id": "d39ec3fd-a7a9-4868-960c-8f4aa4c9c926", "stop_name": "Fulda (FlixTrain)", "stop_lat": 50.554587, "stop_lon": 9.683728, "arrival_time": "10:06:00", "departure_time": "10:08:00", "stop_sequence": 8}, {"stop_id": "2b263035-0646-413d-b76a-1c61cf9b1bee", "stop_name": "Erfurt Central Station (FlixTrain)", "stop_lat": 50.972454, "stop_lon": 11.038239, "arrival_time": "11:19:00", "departure_time": "11:21:00", "stop_sequence": 9}, {"stop_id": "68c5db74-0034-41b2-b3ae-6947c837f77b", "stop_name": "Halle (Saale) Central Station (FlixTrain)", "stop_lat": 51.478526, "stop_lon": 11.987716, "arrival_time": "11:59:00", "departure_time": "12:01:00", "stop_sequence": 10}, {"stop_id": "394a5408-d778-4959-a63e-973253443ed2", "stop_name": "Berlin Central Station (FlixTrain)", "stop_lat": 52.525063, "stop_lon": 13.369438, "arrival_time": "13:16:00", "departure_time": "13:16:00", "stop_sequence": 11}], "FLX10-1242-0509092025-RB#BLB-00": [{"stop_id": "086064da-8914-415f-83cc-8d6a087f5ed2", "stop_name": "Basel Bad Bf (FlixTrain)", "stop_lat": 47.567793, "stop_lon": 7.606924, "arrival_time": "05:09:00", "departure_time": "05:09:00", "stop_sequence": 1}, {"stop_id": "80f34827-2a46-48b0-81f1-5271a8a675d4", "stop_name": "Freiburg (Breisgau) Central Station (FlixTrain)", "stop_lat": 47.997013, "stop_lon": 7.840528, "arrival_time": "05:50:00", "departure_time": "05:58:00", "stop_sequence": 2}, {"stop_id": "8111f454-465d-4ec9-8e95-ebb530e0bc38", "stop_name": "Offenburg (FlixTrain)", "stop_lat": 48.47665, "stop_lon": 7.94672, "arrival_time": "06:29:00", "departure_time": "06:31:00", "stop_sequence": 3}, {"stop_id": "c7d6d2a1-9036-42a2-a4a3-f4a8b4ffd518", "stop_name": "Baden-Baden (FlixTrain)", "stop_lat": 48.78989, "stop_lon": 8.19044, "arrival_time": "06:54:00", "departure_time": "06:56:00", "stop_sequence": 4}, {"stop_id": "a661a63c-ac57-45c8-a3f4-141478a0b99c", "stop_name": "Karlsruhe Central Station (FlixTrain)", "stop_lat": 48.993279, "stop_lon": 8.401294, "arrival_time": "07:27:00", "departure_time": "07:30:00", "stop_sequence": 5}, {"stop_id": "5948a1d8-4c86-4fe4-a5d7-734fc63296de", "stop_name": "Mannheim Central Station (FlixTrain)", "stop_lat": 49.479679, "stop_lon": 8.469677, "arrival_time": "08:09:00", "departure_time": "08:12:00", "stop_sequence": 6}, {"stop_id": "cd27dc81-a5a0-42f2-8662-650411b4a7e7", "stop_name": "Frankfurt (Main) S\u00fcd (FlixTrain)", "stop_lat": 50.099857, "stop_lon": 8.685935, "arrival_time": "09:07:00", "departure_time": "09:12:00", "stop_sequence": 7}, {"stop_id": "d39ec3fd-a7a9-4868-960c-8f4aa4c9c926", "stop_name": "Fulda (FlixTrain)", "stop_lat": 50.554587, "stop_lon": 9.683728, "arrival_time": "10:06:00", "departure_time": "10:08:00", "stop_sequence": 8}, {"stop_id": "2b263035-0646-413d-b76a-1c61cf9b1bee", "stop_name": "Erfurt Central Station (FlixTrain)", "stop_lat": 50.972454, "stop_lon": 11.038239, "arrival_time": "11:19:00", "departure_time": "11:21:00", "stop_sequence": 9}, {"stop_id": "68c5db74-0034-41b2-b3ae-6947c837f77b", "stop_name": "Halle (Saale) Central Station (FlixTrain)", "stop_lat": 51.478526, "stop_lon": 11.987716, "arrival_time": "11:59:00", "departure_time": "12:01:00", "stop_sequence": 10}, {"stop_id": "394a5408-d778-4959-a63e-973253443ed2", "stop_name": "Berlin Central Station (FlixTrain)", "stop_lat": 52.525063, "stop_lon": 13.369438, "arrival_time": "13:16:00", "departure_time": "13:16:00", "stop_sequence": 11}], "FLX10-1242-0509062025-RB#BLB-00": [{"stop_id": "086064da-8914-415f-83cc-8d6a087f5ed2", "stop_name": "Basel Bad Bf (FlixTrain)", "stop_lat": 47.567793, "stop_lon": 7.606924, "arrival_time": "05:09:00", "departure_time": "05:09:00", "stop_sequence": 1}, {"stop_id": "80f34827-2a46-48b0-81f1-5271a8a675d4", "stop_name": "Freiburg (Breisgau) Central Station (FlixTrain)", "stop_lat": 47.997013, "stop_lon": 7.840528, "arrival_time": "05:50:00", "departure_time": "05:58:00", "stop_sequence": 2}, {"stop_id": "8111f454-465d-4ec9-8e95-ebb530e0bc38", "stop_name": "Offenburg (FlixTrain)", "stop_lat": 48.47665, "stop_lon": 7.94672, "arrival_time": "06:29:00", "departure_time": "06:31:00", "stop_sequence": 3}, {"stop_id": "c7d6d2a1-9036-42a2-a4a3-f4a8b4ffd518", "stop_name": "Baden-Baden (FlixTrain)", "stop_lat": 48.78989, "stop_lon": 8.19044, "arrival_time": "06:54:00", "departure_time": "06:56:00", "stop_sequence": 4}, {"stop_id": "a661a63c-ac57-45c8-a3f4-141478a0b99c", "stop_name": "Karlsruhe Central Station (FlixTrain)", "stop_lat": 48.993279, "stop_lon": 8.401294, "arrival_time": "07:27:00", "departure_time": "07:30:00", "stop_sequence": 5}, {"stop_id": "5948a1d8-4c86-4fe4-a5d7-734fc63296de", "stop_name": "Mannheim Central Station (FlixTrain)", "stop_lat": 49.479679, "stop_lon": 8.469677, "arrival_time": "08:09:00", "departure_time": "08:12:00", "stop_sequence": 6}, {"stop_id": "cd27dc81-a5a0-42f2-8662-650411b4a7e7", "stop_name": "Frankfurt (Main) S\u00fcd (FlixTrain)", "stop_lat": 50.099857, "stop_lon": 8.685935, "arrival_time": "09:07:00", "departure_time": "09:12:00", "stop_sequence": 7}, {"stop_id": "d39ec3fd-a7a9-4868-960c-8f4aa4c9c926", "stop_name": "Fulda (FlixTrain)", "stop_lat": 50.554587, "stop_lon": 9.683728, "arrival_time": "10:06:00", "departure_time": "10:08:00", "stop_sequence": 8}, {"stop_id": "2b263035-0646-413d-b76a-1c61cf9b1bee", "stop_name": "Erfurt Central Station (FlixTrain)", "stop_lat": 50.972454, "stop_lon": 11.038239, "arrival_time": "11:19:00", "departure_time": "11:21:00", "stop_sequence": 9}, {"stop_id": "68c5db74-0034-41b2-b3ae-6947c837f77b", "stop_name": "Halle (Saale) Central Station (FlixTrain)", "stop_lat": 51.478526, "stop_lon": 11.987716, "arrival_time": "11:59:00", "departure_time": "12:01:00", "stop_sequence": 10}, {"stop_id": "394a5408-d778-4959-a63e-973253443ed2", "stop_name": "Berlin Central Station (FlixTrain)", "stop_lat": 52.525063, "stop_lon": 13.369438, "arrival_time": "13:16:00", "departure_time": "13:16:00", "stop_sequence": 11}], "FLX10-1244-0727082025-RB#BLB-00": [{"stop_id": "086064da-8914-415f-83cc-8d6a087f5ed2", "stop_name": "Basel Bad Bf (FlixTrain)", "stop_lat": 47.567793, "stop_lon": 7.606924, "arrival_time": "07:27:00", "departure_time": "07:27:00", "stop_sequence": 1}, {"stop_id": "80f34827-2a46-48b0-81f1-5271a8a675d4", "stop_name": "Freiburg (Breisgau) Central Station (FlixTrain)", "stop_lat": 47.997013, "stop_lon": 7.840528, "arrival_time": "07:58:00", "departure_time": "08:00:00", "stop_sequence": 2}, {"stop_id": "8111f454-465d-4ec9-8e95-ebb530e0bc38", "stop_name": "Offenburg (FlixTrain)", "stop_lat": 48.47665, "stop_lon": 7.94672, "arrival_time": "08:32:00", "departure_time": "08:36:00", "stop_sequence": 3}, {"stop_id": "c7d6d2a1-9036-42a2-a4a3-f4a8b4ffd518", "stop_name": "Baden-Baden (FlixTrain)", "stop_lat": 48.78989, "stop_lon": 8.19044, "arrival_time": "09:01:00", "departure_time": "09:03:00", "stop_sequence": 4}, {"stop_id": "a661a63c-ac57-45c8-a3f4-141478a0b99c", "stop_name": "Karlsruhe Central Station (FlixTrain)", "stop_lat": 48.993279, "stop_lon": 8.401294, "arrival_time": "09:20:00", "departure_time": "09:23:00", "stop_sequence": 5}, {"stop_id": "ee967467-b7c5-457f-b71e-f81a430dc959", "stop_name": "Heidelberg Central Station (FlixTrain)", "stop_lat": 49.403902, "stop_lon": 8.675808, "arrival_time": "10:02:00", "departure_time": "10:06:00", "stop_sequence": 6}, {"stop_id": "06cc0192-fc4c-4488-9aa9-dc27758bbbf2", "stop_name": "Darmstadt Central Station (FlixTrain)", "stop_lat": 49.872516, "stop_lon": 8.629379, "arrival_time": "10:51:00", "departure_time": "10:53:00", "stop_sequence": 7}, {"stop_id": "cd27dc81-a5a0-42f2-8662-650411b4a7e7", "stop_name": "Frankfurt (Main) S\u00fcd (FlixTrain)", "stop_lat": 50.099857, "stop_lon": 8.685935, "arrival_time": "11:08:00", "departure_time": "11:12:00", "stop_sequence": 8}, {"stop_id": "d39ec3fd-a7a9-4868-960c-8f4aa4c9c926", "stop_name": "Fulda (FlixTrain)", "stop_lat": 50.554587, "stop_lon": 9.683728, "arrival_time": "12:05:00", "departure_time": "12:07:00", "stop_sequence": 9}, {"stop_id": "96432898-7263-4cc0-b124-3bf757cefea9", "stop_name": "Bad Hersfeld (FlixTrain)", "stop_lat": 50.869892, "stop_lon": 9.716174, "arrival_time": "12:31:00", "departure_time": "12:32:00", "stop_sequence": 10}, {"stop_id": "2b263035-0646-413d-b76a-1c61cf9b1bee", "stop_name": "Erfurt Central Station (FlixTrain)", "stop_lat": 50.972454, "stop_lon": 11.038239, "arrival_time": "13:20:00", "departure_time": "13:22:00", "stop_sequence": 11}, {"stop_id": "68c5db74-0034-41b2-b3ae-6947c837f77b", "stop_name": "Halle (Saale) Central Station (FlixTrain)", "stop_lat": 51.478526, "stop_lon": 11.987716, "arrival_time": "13:59:00", "departure_time": "14:01:00", "stop_sequence": 12}, {"stop_id": "895f31c8-7f88-4d8f-a070-4b4a6320160a", "stop_name": "Berlin S\u00fcdkreuz (FlixTrain)", "stop_lat": 52.475687, "stop_lon": 13.365562, "arrival_time": "15:10:00", "departure_time": "15:15:00", "stop_sequence": 13}, {"stop_id": "394a5408-d778-4959-a63e-973253443ed2", "stop_name": "Berlin Central Station (FlixTrain)", "stop_lat": 52.525063, "stop_lon": 13.369438, "arrival_time": "15:22:00", "departure_time": "15:22:00", "stop_sequence": 14}], "FLX10-1244-0727092025-RB#BLB-00": [{"stop_id": "086064da-8914-415f-83cc-8d6a087f5ed2", "stop_name": "Basel Bad Bf (FlixTrain)", "stop_lat": 47.567793, "stop_lon": 7.606924, "arrival_time": "07:27:00", "departure_time": "07:27:00", "stop_sequence": 1}, {"stop_id": "80f34827-2a46-48b0-81f1-5271a8a675d4", "stop_name": "Freiburg (Breisgau) Central Station (FlixTrain)", "stop_lat": 47.997013, "stop_lon": 7.840528, "arrival_time": "07:58:00", "departure_time": "08:00:00", "stop_sequence": 2}, {"stop_id": "8111f454-465d-4ec9-8e95-ebb530e0bc38", "stop_name": "Offenburg (FlixTrain)", "stop_lat": 48.47665, "stop_lon": 7.94672, "arrival_time": "08:32:00", "departure_time": "08:36:00", "stop_sequence": 3}, {"stop_id": "c7d6d2a1-9036-42a2-a4a3-f4a8b4ffd518", "stop_name": "Baden-Baden (FlixTrain)", "stop_lat": 48.78989, "stop_lon": 8.19044, "arrival_time": "09:01:00", "departure_time": "09:03:00", "stop_sequence": 4}, {"stop_id": "a661a63c-ac57-45c8-a3f4-141478a0b99c", "stop_name": "Karlsruhe Central Station (FlixTrain)", "stop_lat": 48.993279, "stop_lon": 8.401294, "arrival_time": "09:20:00", "departure_time": "09:23:00", "stop_sequence": 5}, {"stop_id": "ee967467-b7c5-457f-b71e-f81a430dc959", "stop_name": "Heidelberg Central Station (FlixTrain)", "stop_lat": 49.403902, "stop_lon": 8.675808, "arrival_time": "10:02:00", "departure_time": "10:06:00", "stop_sequence": 6}, {"stop_id": "06cc0192-fc4c-4488-9aa9-dc27758bbbf2", "stop_name": "Darmstadt Central Station (FlixTrain)", "stop_lat": 49.872516, "stop_lon": 8.629379, "arrival_time": "10:51:00", "departure_time": "10:53:00", "stop_sequence": 7}, {"stop_id": "cd27dc81-a5a0-42f2-8662-650411b4a7e7", "stop_name": "Frankfurt (Main) S\u00fcd (FlixTrain)", "stop_lat": 50.099857, "stop_lon": 8.685935, "arrival_time": "11:08:00", "departure_time": "11:12:00", "stop_sequence": 8}, {"stop_id": "d39ec3fd-a7a9-4868-960c-8f4aa4c9c926", "stop_name": "Fulda (FlixTrain)", "stop_lat": 50.554587, "stop_lon": 9.683728, "arrival_time": "12:05:00", "departure_time": "12:07:00", "stop_sequence": 9}, {"stop_id": "96432898-7263-4cc0-b124-3bf757cefea9", "stop_name": "Bad Hersfeld (FlixTrain)", "stop_lat": 50.869892, "stop_lon": 9.716174, "arrival_time": "12:31:00", "departure_time": "12:32:00", "stop_sequence": 10}, {"stop_id": "2b263035-0646-413d-b76a-1c61cf9b1bee", "stop_name": "Erfurt Central Station (FlixTrain)", "stop_lat": 50.972454, "stop_lon": 11.038239, "arrival_time": "13:20:00", "departure_time": "13:22:00", "stop_sequence": 11}, {"stop_id": "68c5db74-0034-41b2-b3ae-6947c837f77b", "stop_name": "Halle (Saale) Central Station (FlixTrain)", "stop_lat": 51.478526, "stop_lon": 11.987716, "arrival_time": "13:59:00", "departure_time": "14:01:00", "stop_sequence": 12}, {"stop_id": "895f31c8-7f88-4d8f-a070-4b4a6320160a", "stop_name": "Berlin S\u00fcdkreuz (FlixTrain)", "stop_lat": 52.475687, "stop_lon": 13.365562, "arrival_time": "15:10:00", "departure_time": "15:15:00", "stop_sequence": 13}, {"stop_id": "394a5408-d778-4959-a63e-973253443ed2", "stop_name": "Berlin Central Station (FlixTrain)", "stop_lat": 52.525063, "stop_lon": 13.369438, "arrival_time": "15:22:00", "departure_time": "15:22:00", "stop_sequence": 14}], "FLX10-1242-0730052025-RK#BLB-00": [{"stop_id": "a661a63c-ac57-45c8-a3f4-141478a0b99c", "stop_name": "Karlsruhe Central Station (FlixTrain)", "stop_lat": 48.993279, "stop_lon": 8.401294, "arrival_time": "07:30:00", "departure_time": "07:30:00", "stop_sequence": 1}, {"stop_id": "5948a1d8-4c86-4fe4-a5d7-734fc63296de", "stop_name": "Mannheim Central Station (FlixTrain)", "stop_lat": 49.479679, "stop_lon": 8.469677, "arrival_time": "08:09:00", "departure_time": "08:12:00", "stop_sequence": 2}, {"stop_id": "cd27dc81-a5a0-42f2-8662-650411b4a7e7", "stop_name": "Frankfurt (Main) S\u00fcd (FlixTrain)", "stop_lat": 50.099857, "stop_lon": 8.685935, "arrival_time": "09:07:00", "departure_time": "09:12:00", "stop_sequence": 3}, {"stop_id": "d39ec3fd-a7a9-4868-960c-8f4aa4c9c926", "stop_name": "Fulda (FlixTrain)", "stop_lat": 50.554587, "stop_lon": 9.683728, "arrival_time": "10:06:00", "departure_time": "10:08:00", "stop_sequence": 4}, {"stop_id": "2b263035-0646-413d-b76a-1c61cf9b1bee", "stop_name": "Erfurt Central Station (FlixTrain)", "stop_lat": 50.972454, "stop_lon": 11.038239, "arrival_time": "11:19:00", "departure_time": "11:21:00", "stop_sequence": 5}, {"stop_id": "68c5db74-0034-41b2-b3ae-6947c837f77b", "stop_name": "Halle (Saale) Central Station (FlixTrain)", "stop_lat": 51.478526, "stop_lon": 11.987716, "arrival_time": "11:59:00", "departure_time": "12:01:00", "stop_sequence": 6}, {"stop_id": "394a5408-d778-4959-a63e-973253443ed2", "stop_name": "Berlin Central Station (FlixTrain)", "stop_lat": 52.525063, "stop_lon": 13.369438, "arrival_time": "13:16:00", "departure_time": "13:16:00", "stop_sequence": 7}], "FLX10-1247-1123082025-BL#RB-00": [{"stop_id": "394a5408-d778-4959-a63e-973253443ed2", "stop_name": "Berlin Central Station (FlixTrain)", "stop_lat": 52.525063, "stop_lon": 13.369438, "arrival_time": "11:23:00", "departure_time": "11:23:00", "stop_sequence": 1}, {"stop_id": "68c5db74-0034-41b2-b3ae-6947c837f77b", "stop_name": "Halle (Saale) Central Station (FlixTrain)", "stop_lat": 51.478526, "stop_lon": 11.987716, "arrival_time": "12:42:00", "departure_time": "12:44:00", "stop_sequence": 2}, {"stop_id": "2b263035-0646-413d-b76a-1c61cf9b1bee", "stop_name": "Erfurt Central Station (FlixTrain)", "stop_lat": 50.972454, "stop_lon": 11.038239, "arrival_time": "13:18:00", "departure_time": "13:20:00", "stop_sequence": 3}, {"stop_id": "d39ec3fd-a7a9-4868-960c-8f4aa4c9c926", "stop_name": "Fulda (FlixTrain)", "stop_lat": 50.554587, "stop_lon": 9.683728, "arrival_time": "14:41:00", "departure_time": "14:43:00", "stop_sequence": 4}, {"stop_id": "cd27dc81-a5a0-42f2-8662-650411b4a7e7", "stop_name": "Frankfurt (Main) S\u00fcd (FlixTrain)", "stop_lat": 50.099857, "stop_lon": 8.685935, "arrival_time": "15:31:00", "departure_time": "15:34:00", "stop_sequence": 5}, {"stop_id": "5948a1d8-4c86-4fe4-a5d7-734fc63296de", "stop_name": "Mannheim Central Station (FlixTrain)", "stop_lat": 49.479679, "stop_lon": 8.469677, "arrival_time": "16:34:00", "departure_time": "16:38:00", "stop_sequence": 6}, {"stop_id": "a661a63c-ac57-45c8-a3f4-141478a0b99c", "stop_name": "Karlsruhe Central Station (FlixTrain)", "stop_lat": 48.993279, "stop_lon": 8.401294, "arrival_time": "17:06:00", "departure_time": "17:10:00", "stop_sequence": 7}, {"stop_id": "8111f454-465d-4ec9-8e95-ebb530e0bc38", "stop_name": "Offenburg (FlixTrain)", "stop_lat": 48.47665, "stop_lon": 7.94672, "arrival_time": "17:47:00", "departure_time": "17:54:00", "stop_sequence": 8}, {"stop_id": "80f34827-2a46-48b0-81f1-5271a8a675d4", "stop_name": "Freiburg (Breisgau) Central Station (FlixTrain)", "stop_lat": 47.997013, "stop_lon": 7.840528, "arrival_time": "18:37:00", "departure_time": "18:39:00", "stop_sequence": 9}, {"stop_id": "086064da-8914-415f-83cc-8d6a087f5ed2", "stop_name": "Basel Bad Bf (FlixTrain)", "stop_lat": 47.567793, "stop_lon": 7.606924, "arrival_time": "19:18:00", "departure_time": "19:18:00", "stop_sequence": 10}], "FLX10-1247-1123072025-BL#RB-00": [{"stop_id": "394a5408-d778-4959-a63e-973253443ed2", "stop_name": "Berlin Central Station (FlixTrain)", "stop_lat": 52.525063, "stop_lon": 13.369438, "arrival_time": "11:23:00", "departure_time": "11:23:00", "stop_sequence": 1}, {"stop_id": "68c5db74-0034-41b2-b3ae-6947c837f77b", "stop_name": "Halle (Saale) Central Station (FlixTrain)", "stop_lat": 51.478526, "stop_lon": 11.987716, "arrival_time": "12:42:00", "departure_time": "12:44:00", "stop_sequence": 2}, {"stop_id": "2b263035-0646-413d-b76a-1c61cf9b1bee", "stop_name": "Erfurt Central Station (FlixTrain)", "stop_lat": 50.972454, "stop_lon": 11.038239, "arrival_time": "13:18:00", "departure_time": "13:20:00", "stop_sequence": 3}, {"stop_id": "d39ec3fd-a7a9-4868-960c-8f4aa4c9c926", "stop_name": "Fulda (FlixTrain)", "stop_lat": 50.554587, "stop_lon": 9.683728, "arrival_time": "14:41:00", "departure_time": "14:43:00", "stop_sequence": 4}, {"stop_id": "cd27dc81-a5a0-42f2-8662-650411b4a7e7", "stop_name": "Frankfurt (Main) S\u00fcd (FlixTrain)", "stop_lat": 50.099857, "stop_lon": 8.685935, "arrival_time": "15:31:00", "departure_time": "15:34:00", "stop_sequence": 5}, {"stop_id": "5948a1d8-4c86-4fe4-a5d7-734fc63296de", "stop_name": "Mannheim Central Station (FlixTrain)", "stop_lat": 49.479679, "stop_lon": 8.469677, "arrival_time": "16:34:00", "departure_time": "16:38:00", "stop_sequence": 6}, {"stop_id": "a661a63c-ac57-45c8-a3f4-141478a0b99c", "stop_name": "Karlsruhe Central Station (FlixTrain)", "stop_lat": 48.993279, "stop_lon": 8.401294, "arrival_time": "17:06:00", "departure_time": "17:10:00", "stop_sequence": 7}, {"stop_id": "8111f454-465d-4ec9-8e95-ebb530e0bc38", "stop_name": "Offenburg (FlixTrain)", "stop_lat": 48.47665, "stop_lon": 7.94672, "arrival_time": "17:47:00", "departure_time": "17:54:00", "stop_sequence": 8}, {"stop_id": "80f34827-2a46-48b0-81f1-5271a8a675d4", "stop_name": "Freiburg (Breisgau) Central Station (FlixTrain)", "stop_lat": 47.997013, "stop_lon": 7.840528, "arrival_time": "18:37:00", "departure_time": "18:39:00", "stop_sequence": 9}, {"stop_id": "086064da-8914-415f-83cc-8d6a087f5ed2", "stop_name": "Basel Bad Bf (FlixTrain)", "stop_lat": 47.567793, "stop_lon": 7.606924, "arrival_time": "19:18:00", "departure_time": "19:18:00", "stop_sequence": 10}], "FLX10-1245-0928062025-BL#RB-00": [{"stop_id": "394a5408-d778-4959-a63e-973253443ed2", "stop_name": "Berlin Central Station (FlixTrain)", "stop_lat": 52.525063, "stop_lon": 13.369438, "arrival_time": "09:28:00", "departure_time": "09:28:00", "stop_sequence": 1}, {"stop_id": "895f31c8-7f88-4d8f-a070-4b4a6320160a", "stop_name": "Berlin S\u00fcdkreuz (FlixTrain)", "stop_lat": 52.475687, "stop_lon": 13.365562, "arrival_time": "09:33:00", "departure_time": "09:37:00", "stop_sequence": 2}, {"stop_id": "68c5db74-0034-41b2-b3ae-6947c837f77b", "stop_name": "Halle (Saale) Central Station (FlixTrain)", "stop_lat": 51.478526, "stop_lon": 11.987716, "arrival_time": "10:42:00", "departure_time": "10:44:00", "stop_sequence": 3}, {"stop_id": "2b263035-0646-413d-b76a-1c61cf9b1bee", "stop_name": "Erfurt Central Station (FlixTrain)", "stop_lat": 50.972454, "stop_lon": 11.038239, "arrival_time": "11:19:00", "departure_time": "11:21:00", "stop_sequence": 4}, {"stop_id": "96432898-7263-4cc0-b124-3bf757cefea9", "stop_name": "Bad Hersfeld (FlixTrain)", "stop_lat": 50.869892, "stop_lon": 9.716174, "arrival_time": "12:16:00", "departure_time": "12:17:00", "stop_sequence": 5}, {"stop_id": "d39ec3fd-a7a9-4868-960c-8f4aa4c9c926", "stop_name": "Fulda (FlixTrain)", "stop_lat": 50.554587, "stop_lon": 9.683728, "arrival_time": "12:41:00", "departure_time": "12:43:00", "stop_sequence": 6}, {"stop_id": "cd27dc81-a5a0-42f2-8662-650411b4a7e7", "stop_name": "Frankfurt (Main) S\u00fcd (FlixTrain)", "stop_lat": 50.099857, "stop_lon": 8.685935, "arrival_time": "13:33:00", "departure_time": "13:37:00", "stop_sequence": 7}, {"stop_id": "06cc0192-fc4c-4488-9aa9-dc27758bbbf2", "stop_name": "Darmstadt Central Station (FlixTrain)", "stop_lat": 49.872516, "stop_lon": 8.629379, "arrival_time": "13:55:00", "departure_time": "13:57:00", "stop_sequence": 8}, {"stop_id": "ee967467-b7c5-457f-b71e-f81a430dc959", "stop_name": "Heidelberg Central Station (FlixTrain)", "stop_lat": 49.403902, "stop_lon": 8.675808, "arrival_time": "14:34:00", "departure_time": "14:38:00", "stop_sequence": 9}, {"stop_id": "a661a63c-ac57-45c8-a3f4-141478a0b99c", "stop_name": "Karlsruhe Central Station (FlixTrain)", "stop_lat": 48.993279, "stop_lon": 8.401294, "arrival_time": "15:16:00", "departure_time": "15:25:00", "stop_sequence": 10}, {"stop_id": "8111f454-465d-4ec9-8e95-ebb530e0bc38", "stop_name": "Offenburg (FlixTrain)", "stop_lat": 48.47665, "stop_lon": 7.94672, "arrival_time": "16:00:00", "departure_time": "16:02:00", "stop_sequence": 11}, {"stop_id": "80f34827-2a46-48b0-81f1-5271a8a675d4", "stop_name": "Freiburg (Breisgau) Central Station (FlixTrain)", "stop_lat": 47.997013, "stop_lon": 7.840528, "arrival_time": "16:33:00", "departure_time": "16:36:00", "stop_sequence": 12}, {"stop_id": "086064da-8914-415f-83cc-8d6a087f5ed2", "stop_name": "Basel Bad Bf (FlixTrain)", "stop_lat": 47.567793, "stop_lon": 7.606924, "arrival_time": "17:14:00", "departure_time": "17:14:00", "stop_sequence": 13}], "FLX10-1242-0509072025-RB#BLB-00": [{"stop_id": "086064da-8914-415f-83cc-8d6a087f5ed2", "stop_name": "Basel Bad Bf (FlixTrain)", "stop_lat": 47.567793, "stop_lon": 7.606924, "arrival_time": "05:09:00", "departure_time": "05:09:00", "stop_sequence": 1}, {"stop_id": "80f34827-2a46-48b0-81f1-5271a8a675d4", "stop_name": "Freiburg (Breisgau) Central Station (FlixTrain)", "stop_lat": 47.997013, "stop_lon": 7.840528, "arrival_time": "05:50:00", "departure_time": "05:58:00", "stop_sequence": 2}, {"stop_id": "8111f454-465d-4ec9-8e95-ebb530e0bc38", "stop_name": "Offenburg (FlixTrain)", "stop_lat": 48.47665, "stop_lon": 7.94672, "arrival_time": "06:29:00", "departure_time": "06:31:00", "stop_sequence": 3}, {"stop_id": "c7d6d2a1-9036-42a2-a4a3-f4a8b4ffd518", "stop_name": "Baden-Baden (FlixTrain)", "stop_lat": 48.78989, "stop_lon": 8.19044, "arrival_time": "06:54:00", "departure_time": "06:56:00", "stop_sequence": 4}, {"stop_id": "a661a63c-ac57-45c8-a3f4-141478a0b99c", "stop_name": "Karlsruhe Central Station (FlixTrain)", "stop_lat": 48.993279, "stop_lon": 8.401294, "arrival_time": "07:27:00", "departure_time": "07:30:00", "stop_sequence": 5}, {"stop_id": "5948a1d8-4c86-4fe4-a5d7-734fc63296de", "stop_name": "Mannheim Central Station (FlixTrain)", "stop_lat": 49.479679, "stop_lon": 8.469677, "arrival_time": "08:09:00", "departure_time": "08:12:00", "stop_sequence": 6}, {"stop_id": "cd27dc81-a5a0-42f2-8662-650411b4a7e7", "stop_name": "Frankfurt (Main) S\u00fcd (FlixTrain)", "stop_lat": 50.099857, "stop_lon": 8.685935, "arrival_time": "09:07:00", "departure_time": "09:12:00", "stop_sequence": 7}, {"stop_id": "d39ec3fd-a7a9-4868-960c-8f4aa4c9c926", "stop_name": "Fulda (FlixTrain)", "stop_lat": 50.554587, "stop_lon": 9.683728, "arrival_time": "10:06:00", "departure_time": "10:08:00", "stop_sequence": 8}, {"stop_id": "2b263035-0646-413d-b76a-1c61cf9b1bee", "stop_name": "Erfurt Central Station (FlixTrain)", "stop_lat": 50.972454, "stop_lon": 11.038239, "arrival_time": "11:19:00", "departure_time": "11:21:00", "stop_sequence": 9}, {"stop_id": "68c5db74-0034-41b2-b3ae-6947c837f77b", "stop_name": "Halle (Saale) Central Station (FlixTrain)", "stop_lat": 51.478526, "stop_lon": 11.987716, "arrival_time": "11:59:00", "departure_time": "12:01:00", "stop_sequence": 10}, {"stop_id": "394a5408-d778-4959-a63e-973253443ed2", "stop_name": "Berlin Central Station (FlixTrain)", "stop_lat": 52.525063, "stop_lon": 13.369438, "arrival_time": "13:16:00", "departure_time": "13:16:00", "stop_sequence": 11}], "FLX10-1244-0727062025-RB#BLB-00": [{"stop_id": "086064da-8914-415f-83cc-8d6a087f5ed2", "stop_name": "Basel Bad Bf (FlixTrain)", "stop_lat": 47.567793, "stop_lon": 7.606924, "arrival_time": "07:27:00", "departure_time": "07:27:00", "stop_sequence": 1}, {"stop_id": "80f34827-2a46-48b0-81f1-5271a8a675d4", "stop_name": "Freiburg (Breisgau) Central Station (FlixTrain)", "stop_lat": 47.997013, "stop_lon": 7.840528, "arrival_time": "07:58:00", "departure_time": "08:00:00", "stop_sequence": 2}, {"stop_id": "8111f454-465d-4ec9-8e95-ebb530e0bc38", "stop_name": "Offenburg (FlixTrain)", "stop_lat": 48.47665, "stop_lon": 7.94672, "arrival_time": "08:32:00", "departure_time": "08:36:00", "stop_sequence": 3}, {"stop_id": "c7d6d2a1-9036-42a2-a4a3-f4a8b4ffd518", "stop_name": "Baden-Baden (FlixTrain)", "stop_lat": 48.78989, "stop_lon": 8.19044, "arrival_time": "09:01:00", "departure_time": "09:03:00", "stop_sequence": 4}, {"stop_id": "a661a63c-ac57-45c8-a3f4-141478a0b99c", "stop_name": "Karlsruhe Central Station (FlixTrain)", "stop_lat": 48.993279, "stop_lon": 8.401294, "arrival_time": "09:20:00", "departure_time": "09:23:00", "stop_sequence": 5}, {"stop_id": "ee967467-b7c5-457f-b71e-f81a430dc959", "stop_name": "Heidelberg Central Station (FlixTrain)", "stop_lat": 49.403902, "stop_lon": 8.675808, "arrival_time": "10:02:00", "departure_time": "10:06:00", "stop_sequence": 6}, {"stop_id": "06cc0192-fc4c-4488-9aa9-dc27758bbbf2", "stop_name": "Darmstadt Central Station (FlixTrain)", "stop_lat": 49.872516, "stop_lon": 8.629379, "arrival_time": "10:51:00", "departure_time": "10:53:00", "stop_sequence": 7}, {"stop_id": "cd27dc81-a5a0-42f2-8662-650411b4a7e7", "stop_name": "Frankfurt (Main) S\u00fcd (FlixTrain)", "stop_lat": 50.099857, "stop_lon": 8.685935, "arrival_time": "11:08:00", "departure_time": "11:12:00", "stop_sequence": 8}, {"stop_id": "d39ec3fd-a7a9-4868-960c-8f4aa4c9c926", "stop_name": "Fulda (FlixTrain)", "stop_lat": 50.554587, "stop_lon": 9.683728, "arrival_time": "12:05:00", "departure_time": "12:07:00", "stop_sequence": 9}, {"stop_id": "96432898-7263-4cc0-b124-3bf757cefea9", "stop_name": "Bad Hersfeld (FlixTrain)", "stop_lat": 50.869892, "stop_lon": 9.716174, "arrival_time": "12:31:00", "departure_time": "12:32:00", "stop_sequence": 10}, {"stop_id": "2b263035-0646-413d-b76a-1c61cf9b1bee", "stop_name": "Erfurt Central Station (FlixTrain)", "stop_lat": 50.972454, "stop_lon": 11.038239, "arrival_time": "13:20:00", "departure_time": "13:22:00", "stop_sequence": 11}, {"stop_id": "68c5db74-0034-41b2-b3ae-6947c837f77b", "stop_name": "Halle (Saale) Central Station (FlixTrain)", "stop_lat": 51.478526, "stop_lon": 11.987716, "arrival_time": "13:59:00", "departure_time": "14:01:00", "stop_sequence": 12}, {"stop_id": "895f31c8-7f88-4d8f-a070-4b4a6320160a", "stop_name": "Berlin S\u00fcdkreuz (FlixTrain)", "stop_lat": 52.475687, "stop_lon": 13.365562, "arrival_time": "15:10:00", "departure_time": "15:15:00", "stop_sequence": 13}, {"stop_id": "394a5408-d778-4959-a63e-973253443ed2", "stop_name": "Berlin Central Station (FlixTrain)", "stop_lat": 52.525063, "stop_lon": 13.369438, "arrival_time": "15:22:00", "departure_time": "15:22:00", "stop_sequence": 14}], "FLX10-1244-0727052025-RB#BLB-00": [{"stop_id": "086064da-8914-415f-83cc-8d6a087f5ed2", "stop_name": "Basel Bad Bf (FlixTrain)", "stop_lat": 47.567793, "stop_lon": 7.606924, "arrival_time": "07:27:00", "departure_time": "07:27:00", "stop_sequence": 1}, {"stop_id": "80f34827-2a46-48b0-81f1-5271a8a675d4", "stop_name": "Freiburg (Breisgau) Central Station (FlixTrain)", "stop_lat": 47.997013, "stop_lon": 7.840528, "arrival_time": "07:58:00", "departure_time": "08:00:00", "stop_sequence": 2}, {"stop_id": "8111f454-465d-4ec9-8e95-ebb530e0bc38", "stop_name": "Offenburg (FlixTrain)", "stop_lat": 48.47665, "stop_lon": 7.94672, "arrival_time": "08:32:00", "departure_time": "08:36:00", "stop_sequence": 3}, {"stop_id": "c7d6d2a1-9036-42a2-a4a3-f4a8b4ffd518", "stop_name": "Baden-Baden (FlixTrain)", "stop_lat": 48.78989, "stop_lon": 8.19044, "arrival_time": "09:01:00", "departure_time": "09:03:00", "stop_sequence": 4}, {"stop_id": "a661a63c-ac57-45c8-a3f4-141478a0b99c", "stop_name": "Karlsruhe Central Station (FlixTrain)", "stop_lat": 48.993279, "stop_lon": 8.401294, "arrival_time": "09:20:00", "departure_time": "09:23:00", "stop_sequence": 5}, {"stop_id": "ee967467-b7c5-457f-b71e-f81a430dc959", "stop_name": "Heidelberg Central Station (FlixTrain)", "stop_lat": 49.403902, "stop_lon": 8.675808, "arrival_time": "10:02:00", "departure_time": "10:06:00", "stop_sequence": 6}, {"stop_id": "06cc0192-fc4c-4488-9aa9-dc27758bbbf2", "stop_name": "Darmstadt Central Station (FlixTrain)", "stop_lat": 49.872516, "stop_lon": 8.629379, "arrival_time": "10:51:00", "departure_time": "10:53:00", "stop_sequence": 7}, {"stop_id": "cd27dc81-a5a0-42f2-8662-650411b4a7e7", "stop_name": "Frankfurt (Main) S\u00fcd (FlixTrain)", "stop_lat": 50.099857, "stop_lon": 8.685935, "arrival_time": "11:08:00", "departure_time": "11:12:00", "stop_sequence": 8}, {"stop_id": "d39ec3fd-a7a9-4868-960c-8f4aa4c9c926", "stop_name": "Fulda (FlixTrain)", "stop_lat": 50.554587, "stop_lon": 9.683728, "arrival_time": "12:05:00", "departure_time": "12:07:00", "stop_sequence": 9}, {"stop_id": "96432898-7263-4cc0-b124-3bf757cefea9", "stop_name": "Bad Hersfeld (FlixTrain)", "stop_lat": 50.869892, "stop_lon": 9.716174, "arrival_time": "12:31:00", "departure_time": "12:32:00", "stop_sequence": 10}, {"stop_id": "2b263035-0646-413d-b76a-1c61cf9b1bee", "stop_name": "Erfurt Central Station (FlixTrain)", "stop_lat": 50.972454, "stop_lon": 11.038239, "arrival_time": "13:20:00", "departure_time": "13:22:00", "stop_sequence": 11}, {"stop_id": "68c5db74-0034-41b2-b3ae-6947c837f77b", "stop_name": "Halle (Saale) Central Station (FlixTrain)", "stop_lat": 51.478526, "stop_lon": 11.987716, "arrival_time": "13:59:00", "departure_time": "14:01:00", "stop_sequence": 12}, {"stop_id": "895f31c8-7f88-4d8f-a070-4b4a6320160a", "stop_name": "Berlin S\u00fcdkreuz (FlixTrain)", "stop_lat": 52.475687, "stop_lon": 13.365562, "arrival_time": "15:10:00", "departure_time": "15:15:00", "stop_sequence": 13}, {"stop_id": "394a5408-d778-4959-a63e-973253443ed2", "stop_name": "Berlin Central Station (FlixTrain)", "stop_lat": 52.525063, "stop_lon": 13.369438, "arrival_time": "15:22:00", "departure_time": "15:22:00", "stop_sequence": 14}], "FLX10-1247-1123062025-BL#RB-00": [{"stop_id": "394a5408-d778-4959-a63e-973253443ed2", "stop_name": "Berlin Central Station (FlixTrain)", "stop_lat": 52.525063, "stop_lon": 13.369438, "arrival_time": "11:23:00", "departure_time": "11:23:00", "stop_sequence": 1}, {"stop_id": "68c5db74-0034-41b2-b3ae-6947c837f77b", "stop_name": "Halle (Saale) Central Station (FlixTrain)", "stop_lat": 51.478526, "stop_lon": 11.987716, "arrival_time": "12:42:00", "departure_time": "12:44:00", "stop_sequence": 2}, {"stop_id": "2b263035-0646-413d-b76a-1c61cf9b1bee", "stop_name": "Erfurt Central Station (FlixTrain)", "stop_lat": 50.972454, "stop_lon": 11.038239, "arrival_time": "13:18:00", "departure_time": "13:20:00", "stop_sequence": 3}, {"stop_id": "d39ec3fd-a7a9-4868-960c-8f4aa4c9c926", "stop_name": "Fulda (FlixTrain)", "stop_lat": 50.554587, "stop_lon": 9.683728, "arrival_time": "14:41:00", "departure_time": "14:43:00", "stop_sequence": 4}, {"stop_id": "cd27dc81-a5a0-42f2-8662-650411b4a7e7", "stop_name": "Frankfurt (Main) S\u00fcd (FlixTrain)", "stop_lat": 50.099857, "stop_lon": 8.685935, "arrival_time": "15:31:00", "departure_time": "15:34:00", "stop_sequence": 5}, {"stop_id": "5948a1d8-4c86-4fe4-a5d7-734fc63296de", "stop_name": "Mannheim Central Station (FlixTrain)", "stop_lat": 49.479679, "stop_lon": 8.469677, "arrival_time": "16:34:00", "departure_time": "16:38:00", "stop_sequence": 6}, {"stop_id": "a661a63c-ac57-45c8-a3f4-141478a0b99c", "stop_name": "Karlsruhe Central Station (FlixTrain)", "stop_lat": 48.993279, "stop_lon": 8.401294, "arrival_time": "17:06:00", "departure_time": "17:10:00", "stop_sequence": 7}, {"stop_id": "8111f454-465d-4ec9-8e95-ebb530e0bc38", "stop_name": "Offenburg (FlixTrain)", "stop_lat": 48.47665, "stop_lon": 7.94672, "arrival_time": "17:47:00", "departure_time": "17:54:00", "stop_sequence": 8}, {"stop_id": "80f34827-2a46-48b0-81f1-5271a8a675d4", "stop_name": "Freiburg (Breisgau) Central Station (FlixTrain)", "stop_lat": 47.997013, "stop_lon": 7.840528, "arrival_time": "18:37:00", "departure_time": "18:39:00", "stop_sequence": 9}, {"stop_id": "086064da-8914-415f-83cc-8d6a087f5ed2", "stop_name": "Basel Bad Bf (FlixTrain)", "stop_lat": 47.567793, "stop_lon": 7.606924, "arrival_time": "19:18:00", "departure_time": "19:18:00", "stop_sequence": 10}]}