{"a661a63c-ac57-45c8-a3f4-141478a0b99c": [{"trip_id": "FLX10-1245-0928082025-BL#RB-00", "route_id": "FLX10", "route_name": "Berlin - Stuttgart/Basel", "route_short_name": "FlixTrain FLX10", "arrival_time_orig": "15:16:00", "arrival_time_corr": "15:16:00", "departure_time_orig": "15:25:00", "departure_time_corr": "15:25:00", "stop_sequence": 10, "sort_key": 55500}, {"trip_id": "FLX10-1245-0928072025-BL#RB-00", "route_id": "FLX10", "route_name": "Berlin - Stuttgart/Basel", "route_short_name": "FlixTrain FLX10", "arrival_time_orig": "15:16:00", "arrival_time_corr": "15:16:00", "departure_time_orig": "15:25:00", "departure_time_corr": "15:25:00", "stop_sequence": 10, "sort_key": 55500}, {"trip_id": "FLX10-1245-0928062025-BL#RB-00", "route_id": "FLX10", "route_name": "Berlin - Stuttgart/Basel", "route_short_name": "FlixTrain FLX10", "arrival_time_orig": "15:16:00", "arrival_time_corr": "15:16:00", "departure_time_orig": "15:25:00", "departure_time_corr": "15:25:00", "stop_sequence": 10, "sort_key": 55500}, {"trip_id": "FLX10-1245-0928092025-BL#RB-00", "route_id": "FLX10", "route_name": "Berlin - Stuttgart/Basel", "route_short_name": "FlixTrain FLX10", "arrival_time_orig": "15:16:00", "arrival_time_corr": "15:16:00", "departure_time_orig": "15:25:00", "departure_time_corr": "15:25:00", "stop_sequence": 10, "sort_key": 55500}, {"trip_id": "FLX10-1245-0928052025-BL#RB-00", "route_id": "FLX10", "route_name": "Berlin - Stuttgart/Basel", "route_short_name": "FlixTrain FLX10", "arrival_time_orig": "15:16:00", "arrival_time_corr": "15:16:00", "departure_time_orig": "15:25:00", "departure_time_corr": "15:25:00", "stop_sequence": 10, "sort_key": 55500}, {"trip_id": "FLX10-1247-1123072025-BL#RB-00", "route_id": "FLX10", "route_name": "Berlin - Stuttgart/Basel", "route_short_name": "FlixTrain FLX10", "arrival_time_orig": "17:06:00", "arrival_time_corr": "17:06:00", "departure_time_orig": "17:10:00", "departure_time_corr": "17:10:00", "stop_sequence": 7, "sort_key": 61800}, {"trip_id": "FLX10-1247-1123092025-BL#RB-00", "route_id": "FLX10", "route_name": "Berlin - Stuttgart/Basel", "route_short_name": "FlixTrain FLX10", "arrival_time_orig": "17:06:00", "arrival_time_corr": "17:06:00", "departure_time_orig": "17:10:00", "departure_time_corr": "17:10:00", "stop_sequence": 7, "sort_key": 61800}, {"trip_id": "FLX10-1247-1123082025-BL#RB-00", "route_id": "FLX10", "route_name": "Berlin - Stuttgart/Basel", "route_short_name": "FlixTrain FLX10", "arrival_time_orig": "17:06:00", "arrival_time_corr": "17:06:00", "departure_time_orig": "17:10:00", "departure_time_corr": "17:10:00", "stop_sequence": 7, "sort_key": 61800}, {"trip_id": "FLX10-1247-1123062025-BL#RB-00", "route_id": "FLX10", "route_name": "Berlin - Stuttgart/Basel", "route_short_name": "FlixTrain FLX10", "arrival_time_orig": "17:06:00", "arrival_time_corr": "17:06:00", "departure_time_orig": "17:10:00", "departure_time_corr": "17:10:00", "stop_sequence": 7, "sort_key": 61800}, {"trip_id": "FLX10-1247-1123052025-BL#RB-00", "route_id": "FLX10", "route_name": "Berlin - Stuttgart/Basel", "route_short_name": "FlixTrain FLX10", "arrival_time_orig": "17:06:00", "arrival_time_corr": "17:06:00", "departure_time_orig": "17:10:00", "departure_time_corr": "17:10:00", "stop_sequence": 7, "sort_key": 61800}], "8111f454-465d-4ec9-8e95-ebb530e0bc38": [{"trip_id": "FLX10-1245-0928082025-BL#RB-00", "route_id": "FLX10", "route_name": "Berlin - Stuttgart/Basel", "route_short_name": "FlixTrain FLX10", "arrival_time_orig": "16:00:00", "arrival_time_corr": "16:00:00", "departure_time_orig": "16:02:00", "departure_time_corr": "16:02:00", "stop_sequence": 11, "sort_key": 57720}, {"trip_id": "FLX10-1245-0928072025-BL#RB-00", "route_id": "FLX10", "route_name": "Berlin - Stuttgart/Basel", "route_short_name": "FlixTrain FLX10", "arrival_time_orig": "16:00:00", "arrival_time_corr": "16:00:00", "departure_time_orig": "16:02:00", "departure_time_corr": "16:02:00", "stop_sequence": 11, "sort_key": 57720}, {"trip_id": "FLX10-1245-0928062025-BL#RB-00", "route_id": "FLX10", "route_name": "Berlin - Stuttgart/Basel", "route_short_name": "FlixTrain FLX10", "arrival_time_orig": "16:00:00", "arrival_time_corr": "16:00:00", "departure_time_orig": "16:02:00", "departure_time_corr": "16:02:00", "stop_sequence": 11, "sort_key": 57720}, {"trip_id": "FLX10-1245-0928092025-BL#RB-00", "route_id": "FLX10", "route_name": "Berlin - Stuttgart/Basel", "route_short_name": "FlixTrain FLX10", "arrival_time_orig": "16:00:00", "arrival_time_corr": "16:00:00", "departure_time_orig": "16:02:00", "departure_time_corr": "16:02:00", "stop_sequence": 11, "sort_key": 57720}, {"trip_id": "FLX10-1245-0928052025-BL#RB-00", "route_id": "FLX10", "route_name": "Berlin - Stuttgart/Basel", "route_short_name": "FlixTrain FLX10", "arrival_time_orig": "16:00:00", "arrival_time_corr": "16:00:00", "departure_time_orig": "16:02:00", "departure_time_corr": "16:02:00", "stop_sequence": 11, "sort_key": 57720}, {"trip_id": "FLX10-1247-1123072025-BL#RB-00", "route_id": "FLX10", "route_name": "Berlin - Stuttgart/Basel", "route_short_name": "FlixTrain FLX10", "arrival_time_orig": "17:47:00", "arrival_time_corr": "17:47:00", "departure_time_orig": "17:54:00", "departure_time_corr": "17:54:00", "stop_sequence": 8, "sort_key": 64440}, {"trip_id": "FLX10-1247-1123092025-BL#RB-00", "route_id": "FLX10", "route_name": "Berlin - Stuttgart/Basel", "route_short_name": "FlixTrain FLX10", "arrival_time_orig": "17:47:00", "arrival_time_corr": "17:47:00", "departure_time_orig": "17:54:00", "departure_time_corr": "17:54:00", "stop_sequence": 8, "sort_key": 64440}, {"trip_id": "FLX10-1247-1123082025-BL#RB-00", "route_id": "FLX10", "route_name": "Berlin - Stuttgart/Basel", "route_short_name": "FlixTrain FLX10", "arrival_time_orig": "17:47:00", "arrival_time_corr": "17:47:00", "departure_time_orig": "17:54:00", "departure_time_corr": "17:54:00", "stop_sequence": 8, "sort_key": 64440}, {"trip_id": "FLX10-1247-1123062025-BL#RB-00", "route_id": "FLX10", "route_name": "Berlin - Stuttgart/Basel", "route_short_name": "FlixTrain FLX10", "arrival_time_orig": "17:47:00", "arrival_time_corr": "17:47:00", "departure_time_orig": "17:54:00", "departure_time_corr": "17:54:00", "stop_sequence": 8, "sort_key": 64440}, {"trip_id": "FLX10-1247-1123052025-BL#RB-00", "route_id": "FLX10", "route_name": "Berlin - Stuttgart/Basel", "route_short_name": "FlixTrain FLX10", "arrival_time_orig": "17:47:00", "arrival_time_corr": "17:47:00", "departure_time_orig": "17:54:00", "departure_time_corr": "17:54:00", "stop_sequence": 8, "sort_key": 64440}], "80f34827-2a46-48b0-81f1-5271a8a675d4": [{"trip_id": "FLX10-1245-0928082025-BL#RB-00", "route_id": "FLX10", "route_name": "Berlin - Stuttgart/Basel", "route_short_name": "FlixTrain FLX10", "arrival_time_orig": "16:33:00", "arrival_time_corr": "16:33:00", "departure_time_orig": "16:36:00", "departure_time_corr": "16:36:00", "stop_sequence": 12, "sort_key": 59760}, {"trip_id": "FLX10-1245-0928072025-BL#RB-00", "route_id": "FLX10", "route_name": "Berlin - Stuttgart/Basel", "route_short_name": "FlixTrain FLX10", "arrival_time_orig": "16:33:00", "arrival_time_corr": "16:33:00", "departure_time_orig": "16:36:00", "departure_time_corr": "16:36:00", "stop_sequence": 12, "sort_key": 59760}, {"trip_id": "FLX10-1245-0928062025-BL#RB-00", "route_id": "FLX10", "route_name": "Berlin - Stuttgart/Basel", "route_short_name": "FlixTrain FLX10", "arrival_time_orig": "16:33:00", "arrival_time_corr": "16:33:00", "departure_time_orig": "16:36:00", "departure_time_corr": "16:36:00", "stop_sequence": 12, "sort_key": 59760}, {"trip_id": "FLX10-1245-0928092025-BL#RB-00", "route_id": "FLX10", "route_name": "Berlin - Stuttgart/Basel", "route_short_name": "FlixTrain FLX10", "arrival_time_orig": "16:33:00", "arrival_time_corr": "16:33:00", "departure_time_orig": "16:36:00", "departure_time_corr": "16:36:00", "stop_sequence": 12, "sort_key": 59760}, {"trip_id": "FLX10-1245-0928052025-BL#RB-00", "route_id": "FLX10", "route_name": "Berlin - Stuttgart/Basel", "route_short_name": "FlixTrain FLX10", "arrival_time_orig": "16:33:00", "arrival_time_corr": "16:33:00", "departure_time_orig": "16:36:00", "departure_time_corr": "16:36:00", "stop_sequence": 12, "sort_key": 59760}, {"trip_id": "FLX10-1247-1123072025-BL#RB-00", "route_id": "FLX10", "route_name": "Berlin - Stuttgart/Basel", "route_short_name": "FlixTrain FLX10", "arrival_time_orig": "18:37:00", "arrival_time_corr": "18:37:00", "departure_time_orig": "18:39:00", "departure_time_corr": "18:39:00", "stop_sequence": 9, "sort_key": 67140}, {"trip_id": "FLX10-1247-1123092025-BL#RB-00", "route_id": "FLX10", "route_name": "Berlin - Stuttgart/Basel", "route_short_name": "FlixTrain FLX10", "arrival_time_orig": "18:37:00", "arrival_time_corr": "18:37:00", "departure_time_orig": "18:39:00", "departure_time_corr": "18:39:00", "stop_sequence": 9, "sort_key": 67140}, {"trip_id": "FLX10-1247-1123082025-BL#RB-00", "route_id": "FLX10", "route_name": "Berlin - Stuttgart/Basel", "route_short_name": "FlixTrain FLX10", "arrival_time_orig": "18:37:00", "arrival_time_corr": "18:37:00", "departure_time_orig": "18:39:00", "departure_time_corr": "18:39:00", "stop_sequence": 9, "sort_key": 67140}, {"trip_id": "FLX10-1247-1123062025-BL#RB-00", "route_id": "FLX10", "route_name": "Berlin - Stuttgart/Basel", "route_short_name": "FlixTrain FLX10", "arrival_time_orig": "18:37:00", "arrival_time_corr": "18:37:00", "departure_time_orig": "18:39:00", "departure_time_corr": "18:39:00", "stop_sequence": 9, "sort_key": 67140}, {"trip_id": "FLX10-1247-1123052025-BL#RB-00", "route_id": "FLX10", "route_name": "Berlin - Stuttgart/Basel", "route_short_name": "FlixTrain FLX10", "arrival_time_orig": "18:37:00", "arrival_time_corr": "18:37:00", "departure_time_orig": "18:39:00", "departure_time_corr": "18:39:00", "stop_sequence": 9, "sort_key": 67140}], "086064da-8914-415f-83cc-8d6a087f5ed2": [{"trip_id": "FLX10-1245-0928082025-BL#RB-00", "route_id": "FLX10", "route_name": "Berlin - Stuttgart/Basel", "route_short_name": "FlixTrain FLX10", "arrival_time_orig": "17:14:00", "arrival_time_corr": "17:14:00", "departure_time_orig": "17:14:00", "departure_time_corr": "17:14:00", "stop_sequence": 13, "sort_key": 62040}, {"trip_id": "FLX10-1245-0928072025-BL#RB-00", "route_id": "FLX10", "route_name": "Berlin - Stuttgart/Basel", "route_short_name": "FlixTrain FLX10", "arrival_time_orig": "17:14:00", "arrival_time_corr": "17:14:00", "departure_time_orig": "17:14:00", "departure_time_corr": "17:14:00", "stop_sequence": 13, "sort_key": 62040}, {"trip_id": "FLX10-1245-0928062025-BL#RB-00", "route_id": "FLX10", "route_name": "Berlin - Stuttgart/Basel", "route_short_name": "FlixTrain FLX10", "arrival_time_orig": "17:14:00", "arrival_time_corr": "17:14:00", "departure_time_orig": "17:14:00", "departure_time_corr": "17:14:00", "stop_sequence": 13, "sort_key": 62040}, {"trip_id": "FLX10-1245-0928092025-BL#RB-00", "route_id": "FLX10", "route_name": "Berlin - Stuttgart/Basel", "route_short_name": "FlixTrain FLX10", "arrival_time_orig": "17:14:00", "arrival_time_corr": "17:14:00", "departure_time_orig": "17:14:00", "departure_time_corr": "17:14:00", "stop_sequence": 13, "sort_key": 62040}, {"trip_id": "FLX10-1245-0928052025-BL#RB-00", "route_id": "FLX10", "route_name": "Berlin - Stuttgart/Basel", "route_short_name": "FlixTrain FLX10", "arrival_time_orig": "17:14:00", "arrival_time_corr": "17:14:00", "departure_time_orig": "17:14:00", "departure_time_corr": "17:14:00", "stop_sequence": 13, "sort_key": 62040}, {"trip_id": "FLX10-1247-1123072025-BL#RB-00", "route_id": "FLX10", "route_name": "Berlin - Stuttgart/Basel", "route_short_name": "FlixTrain FLX10", "arrival_time_orig": "19:18:00", "arrival_time_corr": "19:18:00", "departure_time_orig": "19:18:00", "departure_time_corr": "19:18:00", "stop_sequence": 10, "sort_key": 69480}, {"trip_id": "FLX10-1247-1123092025-BL#RB-00", "route_id": "FLX10", "route_name": "Berlin - Stuttgart/Basel", "route_short_name": "FlixTrain FLX10", "arrival_time_orig": "19:18:00", "arrival_time_corr": "19:18:00", "departure_time_orig": "19:18:00", "departure_time_corr": "19:18:00", "stop_sequence": 10, "sort_key": 69480}, {"trip_id": "FLX10-1247-1123082025-BL#RB-00", "route_id": "FLX10", "route_name": "Berlin - Stuttgart/Basel", "route_short_name": "FlixTrain FLX10", "arrival_time_orig": "19:18:00", "arrival_time_corr": "19:18:00", "departure_time_orig": "19:18:00", "departure_time_corr": "19:18:00", "stop_sequence": 10, "sort_key": 69480}, {"trip_id": "FLX10-1247-1123062025-BL#RB-00", "route_id": "FLX10", "route_name": "Berlin - Stuttgart/Basel", "route_short_name": "FlixTrain FLX10", "arrival_time_orig": "19:18:00", "arrival_time_corr": "19:18:00", "departure_time_orig": "19:18:00", "departure_time_corr": "19:18:00", "stop_sequence": 10, "sort_key": 69480}, {"trip_id": "FLX10-1247-1123052025-BL#RB-00", "route_id": "FLX10", "route_name": "Berlin - Stuttgart/Basel", "route_short_name": "FlixTrain FLX10", "arrival_time_orig": "19:18:00", "arrival_time_corr": "19:18:00", "departure_time_orig": "19:18:00", "departure_time_corr": "19:18:00", "stop_sequence": 10, "sort_key": 69480}], "c7d6d2a1-9036-42a2-a4a3-f4a8b4ffd518": []}