stop_id,stop_name,stop_lat,stop_lon,stop_code,stop_desc,zone_id,stop_url,location_type,parent_station,wheelchair_boarding,stop_timezone,platform_code
086064da-8914-415f-83cc-8d6a087f5ed2,Basel Bad Bf (FlixTrain),47.567793,7.606924,RB,,,,,,,Europe/Zurich,
10adf593-6fad-4655-9949-a23ab421d03e,Freudenstadt ZOB,48.467214,8.411775,FRE,,,,,,,Europe/Berlin,
1b7fff53-7e47-4600-9f45-69caeaef68da,Donaueschingen (bus station),47.948749,8.497568,DON,,,,,,,Europe/Berlin,
3069b691-0e47-4054-95ec-9124befce618,"Zug, Chollermüli",47.180749,8.485382,ZUGM,,,,,,,Europe/Zurich,
80f34827-2a46-48b0-81f1-5271a8a675d4,Freiburg (Breisgau) Central Station (FlixTrain),47.997013,7.840528,RF,,,,,,,Europe/Berlin,
8111f454-465d-4ec9-8e95-ebb530e0bc38,Offenburg (FlixTrain),48.47665,7.94672,RO,,,,,,,Europe/Berlin,
9b68120f-3ecb-11ea-8017-02437075395e,Rastatt central bus station,48.860507,8.21456,RSZ,,,,,,,Europe/Berlin,
a661a63c-ac57-45c8-a3f4-141478a0b99c,Karlsruhe Central Station (FlixTrain),48.993279,8.401294,RK,,,,,,,Europe/Berlin,
a911ddc4-8f7a-4922-9062-896639e29888,"Luzern, Neuenkirch (service area)",47.11396,8.232476,RLU,,,,,,,Europe/Zurich,
c7d6d2a1-9036-42a2-a4a3-f4a8b4ffd518,Baden-Baden (FlixTrain),48.78989,8.19044,RBB,,,,,,,Europe/Berlin,
dcbab968-9603-11e6-9066-549f350fcb0c,Freiburg (im Breisgau) central station,47.995688,7.840469,FR,,,,,,,Europe/Berlin,
dcbac180-9603-11e6-9066-549f350fcb0c,Rust (Europa park),48.27065,7.717736,EPR,,,,,,,Europe/Berlin,
dcbac26f-9603-11e6-9066-549f350fcb0c,Lörrach central train station,47.615973,7.665964,LRR,,,,,,,Europe/Berlin,
dcbac756-9603-11e6-9066-549f350fcb0c,Kehl train station,48.576428,7.807702,KHL,,,,,,,Europe/Berlin,
dcbac843-9603-11e6-9066-549f350fcb0c,Strasbourg,48.574179,7.754266,STB,,,,,,,Europe/Paris,
dcbacb9f-9603-11e6-9066-549f350fcb0c,Karlsruhe central train station,48.991468,8.400453,KA,,,,,,,Europe/Berlin,
dcbad395-9603-11e6-9066-549f350fcb0c,Titisee Badeparadies Schwarzwald,47.90772,8.159376,TSB,,,,,,,Europe/Berlin,
dcbbee45-9603-11e6-9066-549f350fcb0c,Offenburg (Messeplatz),48.464643,7.93201,OG,,,,,,,Europe/Berlin,
dcbc827f-9603-11e6-9066-549f350fcb0c,Basel SBB (Meret Oppenheim-Street),47.546467,7.587736,BAS,,,,,,,Europe/Zurich,
dcbf8dd0-9603-11e6-9066-549f350fcb0c,Basel Euroairport FR,47.600729,7.531714,BEA,,,,,,,Europe/Paris,
dcc079e9-9603-11e6-9066-549f350fcb0c,Colmar,48.073754,7.347802,COL,,,,,,,Europe/Paris,
dcc0fb55-9603-11e6-9066-549f350fcb0c,Mulhouse (bus station),47.742877,7.342869,MLH,,,,,,,Europe/Paris,
dcc132e7-9603-11e6-9066-549f350fcb0c,Belfort,47.629696,6.856167,BFT,,,,,,,Europe/Paris,
dcc271f0-9603-11e6-9066-549f350fcb0c,Montbéliard (Acropole),47.508905,6.80187,MBL,,,,,,,Europe/Paris,
dcc5fe86-9603-11e6-9066-549f350fcb0c,Baden-Baden (station),48.789499,8.191384,BAD,,,,,,,Europe/Berlin,
e7c8ed17-43b8-4766-8c0c-3f215ae7aca9,Luzern (Landenberg),47.046915,8.315742,LUZ,,,,,,,Europe/Zurich,
96317a4d-909a-45bb-8140-795ab5a6dbf5,Vandoeuvre-les-Nancy (Brabois),48.648395,6.144364,NCB,,,,,,,Europe/Paris,
dcc1345c-9603-11e6-9066-549f350fcb0c,Besançon,47.246911,6.022603,BSN,,,,,,,Europe/Paris,
dcc212d9-9603-11e6-9066-549f350fcb0c,Nancy,48.69483,6.190473,NAC,,,,,,,Europe/Paris,
